{
"lengthUnit": "mil",
"components": {
	"fields": ["COMPONENT_NO", "COMPONENT_NAME", "LAYER", "X_COORDINATE", "Y_COORDINATE", "ANGLE"],
	"rows": [
		[1, "U1", "B", -115, -280, 90],
		[2, "U2", "T", 0, 0, 0]
	]
},
"pins": {
	"fields": ["PIN_NO", "PIN_NAME", "PIN_X", "PIN_Y", "LAYER", "PIN_TYPE", "NET_NAME", "NET_TYPE", "PAD_SHAPE", "PAD_SIZEX", "PAD_SIZEY", "HOLE_SIZE", "PAD_ANGLE"],
	"rows": [
		[1, "U1_1", 711.77, -240.63, "T", "DIP", "RESET", "", "R", 53.15, 53.15, 31.7, 90],
		[2, "U1_1", 711.77, -240.63, "B", "DIP", "RESET", "", "R", 53.15, 53.15, 31.7, 90],
		[3, "U1_2", 711.77, -319.37, "T", "DIP", "GND", "GND", "C", 53.15, 53.15, 31.7, 90],
		[4, "U1_2", 711.77, -319.37, "B", "DIP", "GND", "GND", "C", 53.15, 53.15, 31.7, 90],
		[5, "U1_3", 633.03, -240.63, "T", "DIP", "DD7", "", "C", 53.15, 53.15, 31.7, 90],
		[6, "U1_3", 633.03, -240.63, "B", "DIP", "DD7", "", "C", 53.15, 53.15, 31.7, 90],
		[7, "U1_4", 633.03, -319.37, "T", "DIP", "DD8", "", "C", 53.15, 53.15, 31.7, 90],
		[8, "U1_4", 633.03, -319.37, "B", "DIP", "DD8", "", "C", 53.15, 53.15, 31.7, 90],
		[9, "U1_5", 554.29, -240.63, "T", "DIP", "DD6", "", "C", 53.15, 53.15, 31.7, 90],
		[10, "U1_5", 554.29, -240.63, "B", "DIP", "DD6", "", "C", 53.15, 53.15, 31.7, 90],
		[11, "U1_6", 554.29, -319.37, "T", "DIP", "DD9", "", "C", 53.15, 53.15, 31.7, 90],
		[12, "U1_6", 554.29, -319.37, "B", "DIP", "DD9", "", "C", 53.15, 53.15, 31.7, 90],
		[13, "U1_7", 475.55, -240.63, "T", "DIP", "DD5", "", "C", 53.15, 53.15, 31.7, 90],
		[14, "U1_7", 475.55, -240.63, "B", "DIP", "DD5", "", "C", 53.15, 53.15, 31.7, 90],
		[15, "U1_8", 475.55, -319.37, "T", "DIP", "DD10", "", "C", 53.15, 53.15, 31.7, 90],
		[16, "U1_8", 475.55, -319.37, "B", "DIP", "DD10", "", "C", 53.15, 53.15, 31.7, 90],
		[17, "U1_9", 396.81, -240.63, "T", "DIP", "DD4", "", "C", 53.15, 53.15, 31.7, 90],
		[18, "U1_9", 396.81, -240.63, "B", "DIP", "DD4", "", "C", 53.15, 53.15, 31.7, 90],
		[19, "U1_10", 396.81, -319.37, "T", "DIP", "DD11", "", "C", 53.15, 53.15, 31.7, 90],
		[20, "U1_10", 396.81, -319.37, "B", "DIP", "DD11", "", "C", 53.15, 53.15, 31.7, 90],
		[21, "U1_11", 318.07, -240.63, "T", "DIP", "DD3", "", "C", 53.15, 53.15, 31.7, 90],
		[22, "U1_11", 318.07, -240.63, "B", "DIP", "DD3", "", "C", 53.15, 53.15, 31.7, 90],
		[23, "U1_12", 318.07, -319.37, "T", "DIP", "DD12", "", "C", 53.15, 53.15, 31.7, 90],
		[24, "U1_12", 318.07, -319.37, "B", "DIP", "DD12", "", "C", 53.15, 53.15, 31.7, 90],
		[25, "U1_13", 239.33, -240.63, "T", "DIP", "DD2", "", "C", 53.15, 53.15, 31.7, 90],
		[26, "U1_13", 239.33, -240.63, "B", "DIP", "DD2", "", "C", 53.15, 53.15, 31.7, 90],
		[27, "U1_14", 239.33, -319.37, "T", "DIP", "DD13", "", "C", 53.15, 53.15, 31.7, 90],
		[28, "U1_14", 239.33, -319.37, "B", "DIP", "DD13", "", "C", 53.15, 53.15, 31.7, 90],
		[29, "U1_15", 160.59, -240.63, "T", "DIP", "DD1", "", "C", 53.15, 53.15, 31.7, 90],
		[30, "U1_15", 160.59, -240.63, "B", "DIP", "DD1", "", "C", 53.15, 53.15, 31.7, 90],
		[31, "U1_16", 160.59, -319.37, "T", "DIP", "DD14", "", "C", 53.15, 53.15, 31.7, 90],
		[32, "U1_16", 160.59, -319.37, "B", "DIP", "DD14", "", "C", 53.15, 53.15, 31.7, 90],
		[33, "U1_17", 81.85, -240.63, "T", "DIP", "DD0", "", "C", 53.15, 53.15, 31.7, 90],
		[34, "U1_17", 81.85, -240.63, "B", "DIP", "DD0", "", "C", 53.15, 53.15, 31.7, 90],
		[35, "U1_18", 81.85, -319.37, "T", "DIP", "DD15", "", "C", 53.15, 53.15, 31.7, 90],
		[36, "U1_18", 81.85, -319.37, "B", "DIP", "DD15", "", "C", 53.15, 53.15, 31.7, 90],
		[37, "U1_19", 3.11, -240.63, "T", "DIP", "GND", "GND", "C", 53.15, 53.15, 31.7, 90],
		[38, "U1_19", 3.11, -240.63, "B", "DIP", "GND", "GND", "C", 53.15, 53.15, 31.7, 90],
		[39, "U1_20", 3.11, -319.37, "T", "DIP", "U1_20", "", "C", 53.15, 53.15, 31.7, 90],
		[40, "U1_20", 3.11, -319.37, "B", "DIP", "U1_20", "", "C", 53.15, 53.15, 31.7, 90],
		[41, "U1_21", -75.63, -240.63, "T", "DIP", "U1_21", "", "C", 53.15, 53.15, 31.7, 90],
		[42, "U1_21", -75.63, -240.63, "B", "DIP", "U1_21", "", "C", 53.15, 53.15, 31.7, 90],
		[43, "U1_22", -75.63, -319.37, "T", "DIP", "GND", "GND", "C", 53.15, 53.15, 31.7, 90],
		[44, "U1_22", -75.63, -319.37, "B", "DIP", "GND", "GND", "C", 53.15, 53.15, 31.7, 90],
		[45, "U1_23", -154.37, -240.63, "T", "DIP", "DIOW", "", "C", 53.15, 53.15, 31.7, 90],
		[46, "U1_23", -154.37, -240.63, "B", "DIP", "DIOW", "", "C", 53.15, 53.15, 31.7, 90],
		[47, "U1_24", -154.37, -319.37, "T", "DIP", "GND", "GND", "C", 53.15, 53.15, 31.7, 90],
		[48, "U1_24", -154.37, -319.37, "B", "DIP", "GND", "GND", "C", 53.15, 53.15, 31.7, 90],
		[49, "U1_25", -233.11, -240.63, "T", "DIP", "DIOR", "", "C", 53.15, 53.15, 31.7, 90],
		[50, "U1_25", -233.11, -240.63, "B", "DIP", "DIOR", "", "C", 53.15, 53.15, 31.7, 90],
		[51, "U1_26", -233.11, -319.37, "T", "DIP", "GND", "GND", "C", 53.15, 53.15, 31.7, 90],
		[52, "U1_26", -233.11, -319.37, "B", "DIP", "GND", "GND", "C", 53.15, 53.15, 31.7, 90],
		[53, "U1_27", -311.85, -240.63, "T", "DIP", "IORDY", "", "C", 53.15, 53.15, 31.7, 90],
		[54, "U1_27", -311.85, -240.63, "B", "DIP", "IORDY", "", "C", 53.15, 53.15, 31.7, 90],
		[55, "U1_28", -311.85, -319.37, "T", "DIP", "U1_28", "", "C", 53.15, 53.15, 31.7, 90],
		[56, "U1_28", -311.85, -319.37, "B", "DIP", "U1_28", "", "C", 53.15, 53.15, 31.7, 90],
		[57, "U1_29", -390.59, -240.63, "T", "DIP", "U1_29", "", "C", 53.15, 53.15, 31.7, 90],
		[58, "U1_29", -390.59, -240.63, "B", "DIP", "U1_29", "", "C", 53.15, 53.15, 31.7, 90],
		[59, "U1_30", -390.59, -319.37, "T", "DIP", "GND", "GND", "C", 53.15, 53.15, 31.7, 90],
		[60, "U1_30", -390.59, -319.37, "B", "DIP", "GND", "GND", "C", 53.15, 53.15, 31.7, 90],
		[61, "U1_31", -469.33, -240.63, "T", "DIP", "INTRQ", "", "C", 53.15, 53.15, 31.7, 90],
		[62, "U1_31", -469.33, -240.63, "B", "DIP", "INTRQ", "", "C", 53.15, 53.15, 31.7, 90],
		[63, "U1_32", -469.33, -319.37, "T", "DIP", "IOCS16", "", "C", 53.15, 53.15, 31.7, 90],
		[64, "U1_32", -469.33, -319.37, "B", "DIP", "IOCS16", "", "C", 53.15, 53.15, 31.7, 90],
		[65, "U1_33", -548.07, -240.63, "T", "DIP", "DA1", "", "C", 53.15, 53.15, 31.7, 90],
		[66, "U1_33", -548.07, -240.63, "B", "DIP", "DA1", "", "C", 53.15, 53.15, 31.7, 90],
		[67, "U1_34", -548.07, -319.37, "T", "DIP", "U1_34", "", "C", 53.15, 53.15, 31.7, 90],
		[68, "U1_34", -548.07, -319.37, "B", "DIP", "U1_34", "", "C", 53.15, 53.15, 31.7, 90],
		[69, "U1_35", -626.81, -240.63, "T", "DIP", "DA0", "", "C", 53.15, 53.15, 31.7, 90],
		[70, "U1_35", -626.81, -240.63, "B", "DIP", "DA0", "", "C", 53.15, 53.15, 31.7, 90],
		[71, "U1_36", -626.81, -319.37, "T", "DIP", "DA2", "", "C", 53.15, 53.15, 31.7, 90],
		[72, "U1_36", -626.81, -319.37, "B", "DIP", "DA2", "", "C", 53.15, 53.15, 31.7, 90],
		[73, "U1_37", -705.55, -240.63, "T", "DIP", "CS0", "", "C", 53.15, 53.15, 31.7, 90],
		[74, "U1_37", -705.55, -240.63, "B", "DIP", "CS0", "", "C", 53.15, 53.15, 31.7, 90],
		[75, "U1_38", -705.55, -319.37, "T", "DIP", "CS1", "", "C", 53.15, 53.15, 31.7, 90],
		[76, "U1_38", -705.55, -319.37, "B", "DIP", "CS1", "", "C", 53.15, 53.15, 31.7, 90],
		[77, "U1_39", -784.29, -240.63, "T", "DIP", "ACTIVE", "", "C", 53.15, 53.15, 31.7, 90],
		[78, "U1_39", -784.29, -240.63, "B", "DIP", "ACTIVE", "", "C", 53.15, 53.15, 31.7, 90],
		[79, "U1_40", -784.29, -319.37, "T", "DIP", "GND", "GND", "C", 53.15, 53.15, 31.7, 90],
		[80, "U1_40", -784.29, -319.37, "B", "DIP", "GND", "GND", "C", 53.15, 53.15, 31.7, 90],
		[81, "U1_41", -863.03, -240.63, "T", "DIP", "VCC", "", "C", 53.15, 53.15, 31.7, 90],
		[82, "U1_41", -863.03, -240.63, "B", "DIP", "VCC", "", "C", 53.15, 53.15, 31.7, 90],
		[83, "U1_42", -863.03, -319.37, "T", "DIP", "VCC", "", "C", 53.15, 53.15, 31.7, 90],
		[84, "U1_42", -863.03, -319.37, "B", "DIP", "VCC", "", "C", 53.15, 53.15, 31.7, 90],
		[85, "U1_43", -941.77, -240.63, "T", "DIP", "GND", "GND", "C", 53.15, 53.15, 31.7, 90],
		[86, "U1_43", -941.77, -240.63, "B", "DIP", "GND", "GND", "C", 53.15, 53.15, 31.7, 90],
		[87, "U1_44", -941.77, -319.37, "T", "DIP", "U1_44", "", "C", 53.15, 53.15, 31.7, 90],
		[88, "U1_44", -941.77, -319.37, "B", "DIP", "U1_44", "", "C", 53.15, 53.15, 31.7, 90],
		[89, "U2_1", -600, -112.5, "T", "DIP", "U2_1", "", "C", 60, 60, 36, 0],
		[90, "U2_1", -600, -112.5, "B", "DIP", "U2_1", "", "C", 60, 60, 36, 0],
		[91, "U2_2", -600, 37.5, "T", "DIP", "U2_2", "", "C", 60, 60, 36, 0],
		[92, "U2_2", -600, 37.5, "B", "DIP", "U2_2", "", "C", 60, 60, 36, 0],
		[93, "U2_3", -550, -37.5, "T", "DIP", "U2_3", "", "C", 60, 60, 36, 0],
		[94, "U2_3", -550, -37.5, "B", "DIP", "U2_3", "", "C", 60, 60, 36, 0],
		[95, "U2_4", -550, 112.5, "T", "DIP", "U2_4", "", "C", 60, 60, 36, 0],
		[96, "U2_4", -550, 112.5, "B", "DIP", "U2_4", "", "C", 60, 60, 36, 0],
		[97, "U2_5", -500, -112.5, "T", "DIP", "U2_5", "", "C", 60, 60, 36, 0],
		[98, "U2_5", -500, -112.5, "B", "DIP", "U2_5", "", "C", 60, 60, 36, 0],
		[99, "U2_6", -500, 37.5, "T", "DIP", "GND", "GND", "C", 60, 60, 36, 0],
		[100, "U2_6", -500, 37.5, "B", "DIP", "GND", "GND", "C", 60, 60, 36, 0],
		[101, "U2_7", -450, -37.5, "T", "DIP", "GND", "GND", "C", 60, 60, 36, 0],
		[102, "U2_7", -450, -37.5, "B", "DIP", "GND", "GND", "C", 60, 60, 36, 0],
		[103, "U2_8", -450, 112.5, "T", "DIP", "RESET", "", "C", 60, 60, 36, 0],
		[104, "U2_8", -450, 112.5, "B", "DIP", "RESET", "", "C", 60, 60, 36, 0],
		[105, "U2_9", -400, -112.5, "T", "DIP", "DD8", "", "C", 60, 60, 36, 0],
		[106, "U2_9", -400, -112.5, "B", "DIP", "DD8", "", "C", 60, 60, 36, 0],
		[107, "U2_10", -400, 37.5, "T", "DIP", "DD7", "", "C", 60, 60, 36, 0],
		[108, "U2_10", -400, 37.5, "B", "DIP", "DD7", "", "C", 60, 60, 36, 0],
		[109, "U2_11", -350, -37.5, "T", "DIP", "DD9", "", "C", 60, 60, 36, 0],
		[110, "U2_11", -350, -37.5, "B", "DIP", "DD9", "", "C", 60, 60, 36, 0],
		[111, "U2_12", -350, 112.5, "T", "DIP", "DD6", "", "C", 60, 60, 36, 0],
		[112, "U2_12", -350, 112.5, "B", "DIP", "DD6", "", "C", 60, 60, 36, 0],
		[113, "U2_13", -300, -112.5, "T", "DIP", "DD10", "", "C", 60, 60, 36, 0],
		[114, "U2_13", -300, -112.5, "B", "DIP", "DD10", "", "C", 60, 60, 36, 0],
		[115, "U2_14", -300, 37.5, "T", "DIP", "DD5", "", "C", 60, 60, 36, 0],
		[116, "U2_14", -300, 37.5, "B", "DIP", "DD5", "", "C", 60, 60, 36, 0],
		[117, "U2_15", -250, -37.5, "T", "DIP", "DD11", "", "C", 60, 60, 36, 0],
		[118, "U2_15", -250, -37.5, "B", "DIP", "DD11", "", "C", 60, 60, 36, 0],
		[119, "U2_16", -250, 112.5, "T", "DIP", "DD4", "", "C", 60, 60, 36, 0],
		[120, "U2_16", -250, 112.5, "B", "DIP", "DD4", "", "C", 60, 60, 36, 0],
		[121, "U2_17", -200, -112.5, "T", "DIP", "DD12", "", "C", 60, 60, 36, 0],
		[122, "U2_17", -200, -112.5, "B", "DIP", "DD12", "", "C", 60, 60, 36, 0],
		[123, "U2_18", -200, 37.5, "T", "DIP", "DD3", "", "C", 60, 60, 36, 0],
		[124, "U2_18", -200, 37.5, "B", "DIP", "DD3", "", "C", 60, 60, 36, 0],
		[125, "U2_19", -150, -37.5, "T", "DIP", "DD13", "", "C", 60, 60, 36, 0],
		[126, "U2_19", -150, -37.5, "B", "DIP", "DD13", "", "C", 60, 60, 36, 0],
		[127, "U2_20", -150, 112.5, "T", "DIP", "DD2", "", "C", 60, 60, 36, 0],
		[128, "U2_20", -150, 112.5, "B", "DIP", "DD2", "", "C", 60, 60, 36, 0],
		[129, "U2_21", -100, -112.5, "T", "DIP", "DD14", "", "C", 60, 60, 36, 0],
		[130, "U2_21", -100, -112.5, "B", "DIP", "DD14", "", "C", 60, 60, 36, 0],
		[131, "U2_22", -100, 37.5, "T", "DIP", "DD1", "", "C", 60, 60, 36, 0],
		[132, "U2_22", -100, 37.5, "B", "DIP", "DD1", "", "C", 60, 60, 36, 0],
		[133, "U2_23", -50, -37.5, "T", "DIP", "DD15", "", "C", 60, 60, 36, 0],
		[134, "U2_23", -50, -37.5, "B", "DIP", "DD15", "", "C", 60, 60, 36, 0],
		[135, "U2_24", -50, 112.5, "T", "DIP", "DD0", "", "C", 60, 60, 36, 0],
		[136, "U2_24", -50, 112.5, "B", "DIP", "DD0", "", "C", 60, 60, 36, 0],
		[137, "U2_25", 0, -112.5, "T", "DIP", "U2_25", "", "C", 60, 60, 36, 0],
		[138, "U2_25", 0, -112.5, "B", "DIP", "U2_25", "", "C", 60, 60, 36, 0],
		[139, "U2_26", 0, 37.5, "T", "DIP", "GND", "GND", "C", 60, 60, 36, 0],
		[140, "U2_26", 0, 37.5, "B", "DIP", "GND", "GND", "C", 60, 60, 36, 0],
		[141, "U2_27", 50, -37.5, "T", "DIP", "GND", "GND", "C", 60, 60, 36, 0],
		[142, "U2_27", 50, -37.5, "B", "DIP", "GND", "GND", "C", 60, 60, 36, 0],
		[143, "U2_28", 50, 112.5, "T", "DIP", "U2_28", "", "C", 60, 60, 36, 0],
		[144, "U2_28", 50, 112.5, "B", "DIP", "U2_28", "", "C", 60, 60, 36, 0],
		[145, "U2_29", 100, -112.5, "T", "DIP", "GND", "GND", "C", 60, 60, 36, 0],
		[146, "U2_29", 100, -112.5, "B", "DIP", "GND", "GND", "C", 60, 60, 36, 0],
		[147, "U2_30", 100, 37.5, "T", "DIP", "DIOW", "", "C", 60, 60, 36, 0],
		[148, "U2_30", 100, 37.5, "B", "DIP", "DIOW", "", "C", 60, 60, 36, 0],
		[149, "U2_31", 150, -37.5, "T", "DIP", "GND", "GND", "C", 60, 60, 36, 0],
		[150, "U2_31", 150, -37.5, "B", "DIP", "GND", "GND", "C", 60, 60, 36, 0],
		[151, "U2_32", 150, 112.5, "T", "DIP", "DIOR", "", "C", 60, 60, 36, 0],
		[152, "U2_32", 150, 112.5, "B", "DIP", "DIOR", "", "C", 60, 60, 36, 0],
		[153, "U2_33", 200, -112.5, "T", "DIP", "U2_33", "", "C", 60, 60, 36, 0],
		[154, "U2_33", 200, -112.5, "B", "DIP", "U2_33", "", "C", 60, 60, 36, 0],
		[155, "U2_34", 200, 37.5, "T", "DIP", "IORDY", "", "C", 60, 60, 36, 0],
		[156, "U2_34", 200, 37.5, "B", "DIP", "IORDY", "", "C", 60, 60, 36, 0],
		[157, "U2_35", 250, -37.5, "T", "DIP", "GND", "GND", "C", 60, 60, 36, 0],
		[158, "U2_35", 250, -37.5, "B", "DIP", "GND", "GND", "C", 60, 60, 36, 0],
		[159, "U2_36", 250, 112.5, "T", "DIP", "U2_36", "", "C", 60, 60, 36, 0],
		[160, "U2_36", 250, 112.5, "B", "DIP", "U2_36", "", "C", 60, 60, 36, 0],
		[161, "U2_37", 300, -112.5, "T", "DIP", "IOCS16", "", "C", 60, 60, 36, 0],
		[162, "U2_37", 300, -112.5, "B", "DIP", "IOCS16", "", "C", 60, 60, 36, 0],
		[163, "U2_38", 300, 37.5, "T", "DIP", "INTRQ", "", "C", 60, 60, 36, 0],
		[164, "U2_38", 300, 37.5, "B", "DIP", "INTRQ", "", "C", 60, 60, 36, 0],
		[165, "U2_39", 350, -37.5, "T", "DIP", "U2_39", "", "C", 60, 60, 36, 0],
		[166, "U2_39", 350, -37.5, "B", "DIP", "U2_39", "", "C", 60, 60, 36, 0],
		[167, "U2_40", 350, 112.5, "T", "DIP", "DA1", "", "C", 60, 60, 36, 0],
		[168, "U2_40", 350, 112.5, "B", "DIP", "DA1", "", "C", 60, 60, 36, 0],
		[169, "U2_41", 400, -112.5, "T", "DIP", "DA2", "", "C", 60, 60, 36, 0],
		[170, "U2_41", 400, -112.5, "B", "DIP", "DA2", "", "C", 60, 60, 36, 0],
		[171, "U2_42", 400, 37.5, "T", "DIP", "DA0", "", "C", 60, 60, 36, 0],
		[172, "U2_42", 400, 37.5, "B", "DIP", "DA0", "", "C", 60, 60, 36, 0],
		[173, "U2_43", 450, -37.5, "T", "DIP", "CS1", "", "C", 60, 60, 36, 0],
		[174, "U2_43", 450, -37.5, "B", "DIP", "CS1", "", "C", 60, 60, 36, 0],
		[175, "U2_44", 450, 112.5, "T", "DIP", "CS0", "", "C", 60, 60, 36, 0],
		[176, "U2_44", 450, 112.5, "B", "DIP", "CS0", "", "C", 60, 60, 36, 0],
		[177, "U2_45", 500, -112.5, "T", "DIP", "GND", "GND", "C", 60, 60, 36, 0],
		[178, "U2_45", 500, -112.5, "B", "DIP", "GND", "GND", "C", 60, 60, 36, 0],
		[179, "U2_46", 500, 37.5, "T", "DIP", "ACTIVE", "", "C", 60, 60, 36, 0],
		[180, "U2_46", 500, 37.5, "B", "DIP", "ACTIVE", "", "C", 60, 60, 36, 0],
		[181, "U2_47", 550, -37.5, "T", "DIP", "VCC", "", "C", 60, 60, 36, 0],
		[182, "U2_47", 550, -37.5, "B", "DIP", "VCC", "", "C", 60, 60, 36, 0],
		[183, "U2_48", 550, 112.5, "T", "DIP", "VCC", "", "C", 60, 60, 36, 0],
		[184, "U2_48", 550, 112.5, "B", "DIP", "VCC", "", "C", 60, 60, 36, 0],
		[185, "U2_49", 600, -112.5, "T", "DIP", "U2_49", "", "C", 60, 60, 36, 0],
		[186, "U2_49", 600, -112.5, "B", "DIP", "U2_49", "", "C", 60, 60, 36, 0],
		[187, "U2_50", 600, 37.5, "T", "DIP", "GND", "GND", "C", 60, 60, 36, 0],
		[188, "U2_50", 600, 37.5, "B", "DIP", "GND", "GND", "C", 60, 60, 36, 0],
		[189, "U2_51", -775, 0, "T", "DIP", "GND", "GND", "C", 116, 116, 91, 0],
		[190, "U2_51", -775, 0, "B", "DIP", "GND", "GND", "C", 116, 116, 91, 0],
		[191, "U2_52", 775, 0, "T", "DIP", "GND", "GND", "C", 116, 116, 91, 0],
		[192, "U2_52", 775, 0, "B", "DIP", "GND", "GND", "C", 116, 116, 91, 0]
	]
}
}