{
"lengthUnit": "mil",
"components": {
	"fields": ["COMPONENT_NO", "COMPONENT_NAME", "LAYER", "X_COORDINATE", "Y_COORDINATE", "ANGLE"],
	"rows": [
		[1, "U1", "B", -120, -280, 90],
		[2, "U2", "T", 0, 0, 0]
	]
},
"pins": {
	"fields": ["PIN_NO", "PIN_NAME", "PIN_X", "PIN_Y", "LAYER", "PIN_TYPE", "NET_NAME", "NET_TYPE", "PAD_SHAPE", "PAD_SIZEX", "PAD_SIZEY", "HOLE_SIZE", "PAD_ANGLE"],
	"rows": [
		[1, "U1_1", 706.77, -240.63, "T", "DIP", "RESET", "", "R", 53.15, 53.15, 31.7, 90],
		[2, "U1_1", 706.77, -240.63, "B", "DIP", "RESET", "", "R", 53.15, 53.15, 31.7, 90],
		[3, "U1_2", 706.77, -319.37, "T", "DIP", "GND", "GND", "C", 53.15, 53.15, 31.7, 90],
		[4, "U1_2", 706.77, -319.37, "B", "DIP", "GND", "GND", "C", 53.15, 53.15, 31.7, 90],
		[5, "U1_3", 628.03, -240.63, "T", "DIP", "DD7", "", "C", 53.15, 53.15, 31.7, 90],
		[6, "U1_3", 628.03, -240.63, "B", "DIP", "DD7", "", "C", 53.15, 53.15, 31.7, 90],
		[7, "U1_4", 628.03, -319.37, "T", "DIP", "DD8", "", "C", 53.15, 53.15, 31.7, 90],
		[8, "U1_4", 628.03, -319.37, "B", "DIP", "DD8", "", "C", 53.15, 53.15, 31.7, 90],
		[9, "U1_5", 549.29, -240.63, "T", "DIP", "DD6", "", "C", 53.15, 53.15, 31.7, 90],
		[10, "U1_5", 549.29, -240.63, "B", "DIP", "DD6", "", "C", 53.15, 53.15, 31.7, 90],
		[11, "U1_6", 549.29, -319.37, "T", "DIP", "DD9", "", "C", 53.15, 53.15, 31.7, 90],
		[12, "U1_6", 549.29, -319.37, "B", "DIP", "DD9", "", "C", 53.15, 53.15, 31.7, 90],
		[13, "U1_7", 470.55, -240.63, "T", "DIP", "DD5", "", "C", 53.15, 53.15, 31.7, 90],
		[14, "U1_7", 470.55, -240.63, "B", "DIP", "DD5", "", "C", 53.15, 53.15, 31.7, 90],
		[15, "U1_8", 470.55, -319.37, "T", "DIP", "DD10", "", "C", 53.15, 53.15, 31.7, 90],
		[16, "U1_8", 470.55, -319.37, "B", "DIP", "DD10", "", "C", 53.15, 53.15, 31.7, 90],
		[17, "U1_9", 391.81, -240.63, "T", "DIP", "DD4", "", "C", 53.15, 53.15, 31.7, 90],
		[18, "U1_9", 391.81, -240.63, "B", "DIP", "DD4", "", "C", 53.15, 53.15, 31.7, 90],
		[19, "U1_10", 391.81, -319.37, "T", "DIP", "DD11", "", "C", 53.15, 53.15, 31.7, 90],
		[20, "U1_10", 391.81, -319.37, "B", "DIP", "DD11", "", "C", 53.15, 53.15, 31.7, 90],
		[21, "U1_11", 313.07, -240.63, "T", "DIP", "DD3", "", "C", 53.15, 53.15, 31.7, 90],
		[22, "U1_11", 313.07, -240.63, "B", "DIP", "DD3", "", "C", 53.15, 53.15, 31.7, 90],
		[23, "U1_12", 313.07, -319.37, "T", "DIP", "DD12", "", "C", 53.15, 53.15, 31.7, 90],
		[24, "U1_12", 313.07, -319.37, "B", "DIP", "DD12", "", "C", 53.15, 53.15, 31.7, 90],
		[25, "U1_13", 234.33, -240.63, "T", "DIP", "DD2", "", "C", 53.15, 53.15, 31.7, 90],
		[26, "U1_13", 234.33, -240.63, "B", "DIP", "DD2", "", "C", 53.15, 53.15, 31.7, 90],
		[27, "U1_14", 234.33, -319.37, "T", "DIP", "DD13", "", "C", 53.15, 53.15, 31.7, 90],
		[28, "U1_14", 234.33, -319.37, "B", "DIP", "DD13", "", "C", 53.15, 53.15, 31.7, 90],
		[29, "U1_15", 155.59, -240.63, "T", "DIP", "DD1", "", "C", 53.15, 53.15, 31.7, 90],
		[30, "U1_15", 155.59, -240.63, "B", "DIP", "DD1", "", "C", 53.15, 53.15, 31.7, 90],
		[31, "U1_16", 155.59, -319.37, "T", "DIP", "DD14", "", "C", 53.15, 53.15, 31.7, 90],
		[32, "U1_16", 155.59, -319.37, "B", "DIP", "DD14", "", "C", 53.15, 53.15, 31.7, 90],
		[33, "U1_17", 76.85, -240.63, "T", "DIP", "DD0", "", "C", 53.15, 53.15, 31.7, 90],
		[34, "U1_17", 76.85, -240.63, "B", "DIP", "DD0", "", "C", 53.15, 53.15, 31.7, 90],
		[35, "U1_18", 76.85, -319.37, "T", "DIP", "DD15", "", "C", 53.15, 53.15, 31.7, 90],
		[36, "U1_18", 76.85, -319.37, "B", "DIP", "DD15", "", "C", 53.15, 53.15, 31.7, 90],
		[37, "U1_19", -1.89, -240.63, "T", "DIP", "GND", "GND", "C", 53.15, 53.15, 31.7, 90],
		[38, "U1_19", -1.89, -240.63, "B", "DIP", "GND", "GND", "C", 53.15, 53.15, 31.7, 90],
		[39, "U1_20", -1.89, -319.37, "T", "DIP", "U1_20", "", "C", 53.15, 53.15, 31.7, 90],
		[40, "U1_20", -1.89, -319.37, "B", "DIP", "U1_20", "", "C", 53.15, 53.15, 31.7, 90],
		[41, "U1_21", -80.63, -240.63, "T", "DIP", "U1_21", "", "C", 53.15, 53.15, 31.7, 90],
		[42, "U1_21", -80.63, -240.63, "B", "DIP", "U1_21", "", "C", 53.15, 53.15, 31.7, 90],
		[43, "U1_22", -80.63, -319.37, "T", "DIP", "GND", "GND", "C", 53.15, 53.15, 31.7, 90],
		[44, "U1_22", -80.63, -319.37, "B", "DIP", "GND", "GND", "C", 53.15, 53.15, 31.7, 90],
		[45, "U1_23", -159.37, -240.63, "T", "DIP", "DIOW", "", "C", 53.15, 53.15, 31.7, 90],
		[46, "U1_23", -159.37, -240.63, "B", "DIP", "DIOW", "", "C", 53.15, 53.15, 31.7, 90],
		[47, "U1_24", -159.37, -319.37, "T", "DIP", "GND", "GND", "C", 53.15, 53.15, 31.7, 90],
		[48, "U1_24", -159.37, -319.37, "B", "DIP", "GND", "GND", "C", 53.15, 53.15, 31.7, 90],
		[49, "U1_25", -238.11, -240.63, "T", "DIP", "DIOR", "", "C", 53.15, 53.15, 31.7, 90],
		[50, "U1_25", -238.11, -240.63, "B", "DIP", "DIOR", "", "C", 53.15, 53.15, 31.7, 90],
		[51, "U1_26", -238.11, -319.37, "T", "DIP", "GND", "GND", "C", 53.15, 53.15, 31.7, 90],
		[52, "U1_26", -238.11, -319.37, "B", "DIP", "GND", "GND", "C", 53.15, 53.15, 31.7, 90],
		[53, "U1_27", -316.85, -240.63, "T", "DIP", "IORDY", "", "C", 53.15, 53.15, 31.7, 90],
		[54, "U1_27", -316.85, -240.63, "B", "DIP", "IORDY", "", "C", 53.15, 53.15, 31.7, 90],
		[55, "U1_28", -316.85, -319.37, "T", "DIP", "U1_28", "", "C", 53.15, 53.15, 31.7, 90],
		[56, "U1_28", -316.85, -319.37, "B", "DIP", "U1_28", "", "C", 53.15, 53.15, 31.7, 90],
		[57, "U1_29", -395.59, -240.63, "T", "DIP", "U1_29", "", "C", 53.15, 53.15, 31.7, 90],
		[58, "U1_29", -395.59, -240.63, "B", "DIP", "U1_29", "", "C", 53.15, 53.15, 31.7, 90],
		[59, "U1_30", -395.59, -319.37, "T", "DIP", "GND", "GND", "C", 53.15, 53.15, 31.7, 90],
		[60, "U1_30", -395.59, -319.37, "B", "DIP", "GND", "GND", "C", 53.15, 53.15, 31.7, 90],
		[61, "U1_31", -474.33, -240.63, "T", "DIP", "INTRQ", "", "C", 53.15, 53.15, 31.7, 90],
		[62, "U1_31", -474.33, -240.63, "B", "DIP", "INTRQ", "", "C", 53.15, 53.15, 31.7, 90],
		[63, "U1_32", -474.33, -319.37, "T", "DIP", "IOCS16", "", "C", 53.15, 53.15, 31.7, 90],
		[64, "U1_32", -474.33, -319.37, "B", "DIP", "IOCS16", "", "C", 53.15, 53.15, 31.7, 90],
		[65, "U1_33", -553.07, -240.63, "T", "DIP", "DA1", "", "C", 53.15, 53.15, 31.7, 90],
		[66, "U1_33", -553.07, -240.63, "B", "DIP", "DA1", "", "C", 53.15, 53.15, 31.7, 90],
		[67, "U1_34", -553.07, -319.37, "T", "DIP", "U1_34", "", "C", 53.15, 53.15, 31.7, 90],
		[68, "U1_34", -553.07, -319.37, "B", "DIP", "U1_34", "", "C", 53.15, 53.15, 31.7, 90],
		[69, "U1_35", -631.81, -240.63, "T", "DIP", "DA0", "", "C", 53.15, 53.15, 31.7, 90],
		[70, "U1_35", -631.81, -240.63, "B", "DIP", "DA0", "", "C", 53.15, 53.15, 31.7, 90],
		[71, "U1_36", -631.81, -319.37, "T", "DIP", "DA2", "", "C", 53.15, 53.15, 31.7, 90],
		[72, "U1_36", -631.81, -319.37, "B", "DIP", "DA2", "", "C", 53.15, 53.15, 31.7, 90],
		[73, "U1_37", -710.55, -240.63, "T", "DIP", "CS0", "", "C", 53.15, 53.15, 31.7, 90],
		[74, "U1_37", -710.55, -240.63, "B", "DIP", "CS0", "", "C", 53.15, 53.15, 31.7, 90],
		[75, "U1_38", -710.55, -319.37, "T", "DIP", "CS1", "", "C", 53.15, 53.15, 31.7, 90],
		[76, "U1_38", -710.55, -319.37, "B", "DIP", "CS1", "", "C", 53.15, 53.15, 31.7, 90],
		[77, "U1_39", -789.29, -240.63, "T", "DIP", "ACTIVE", "", "C", 53.15, 53.15, 31.7, 90],
		[78, "U1_39", -789.29, -240.63, "B", "DIP", "ACTIVE", "", "C", 53.15, 53.15, 31.7, 90],
		[79, "U1_40", -789.29, -319.37, "T", "DIP", "GND", "GND", "C", 53.15, 53.15, 31.7, 90],
		[80, "U1_40", -789.29, -319.37, "B", "DIP", "GND", "GND", "C", 53.15, 53.15, 31.7, 90],
		[81, "U1_41", -868.03, -240.63, "T", "DIP", "VCC", "", "C", 53.15, 53.15, 31.7, 90],
		[82, "U1_41", -868.03, -240.63, "B", "DIP", "VCC", "", "C", 53.15, 53.15, 31.7, 90],
		[83, "U1_42", -868.03, -319.37, "T", "DIP", "VCC", "", "C", 53.15, 53.15, 31.7, 90],
		[84, "U1_42", -868.03, -319.37, "B", "DIP", "VCC", "", "C", 53.15, 53.15, 31.7, 90],
		[85, "U1_43", -946.77, -240.63, "T", "DIP", "GND", "GND", "C", 53.15, 53.15, 31.7, 90],
		[86, "U1_43", -946.77, -240.63, "B", "DIP", "GND", "GND", "C", 53.15, 53.15, 31.7, 90],
		[87, "U1_44", -946.77, -319.37, "T", "DIP", "U1_44", "", "C", 53.15, 53.15, 31.7, 90],
		[88, "U1_44", -946.77, -319.37, "B", "DIP", "U1_44", "", "C", 53.15, 53.15, 31.7, 90],
		[89, "U2_1", -600, -123.84, "T", "SMD", "U2_1", "", "R", 31, 130, 0, 0],
		[90, "U2_2", -600, 124, "T", "SMD", "U2_2", "", "R", 31, 130, 0, 0],
		[91, "U2_3", -550, -123.92, "T", "SMD", "U2_3", "", "R", 31, 130, 0, 0],
		[92, "U2_4", -550, 123.92, "T", "SMD", "U2_4", "", "R", 31, 130, 0, 0],
		[93, "U2_5", -500, -123.88, "T", "SMD", "U2_5", "", "R", 31, 130, 0, 0],
		[94, "U2_6", -500, 123.96, "T", "SMD", "GND", "GND", "R", 31, 130, 0, 0],
		[95, "U2_7", -450, -123.96, "T", "SMD", "GND", "GND", "R", 31, 130, 0, 0],
		[96, "U2_8", -450, 123.88, "T", "SMD", "RESET", "", "R", 31, 130, 0, 0],
		[97, "U2_9", -400, -123.86, "T", "SMD", "DD8", "", "R", 31, 130, 0, 0],
		[98, "U2_10", -400, 123.98, "T", "SMD", "DD7", "", "R", 31, 130, 0, 0],
		[99, "U2_11", -350, -123.94, "T", "SMD", "DD9", "", "R", 31, 130, 0, 0],
		[100, "U2_12", -350, 123.9, "T", "SMD", "DD6", "", "R", 31, 130, 0, 0],
		[101, "U2_13", -300, -123.9, "T", "SMD", "DD10", "", "R", 31, 130, 0, 0],
		[102, "U2_14", -300, 123.94, "T", "SMD", "DD5", "", "R", 31, 130, 0, 0],
		[103, "U2_15", -250, -123.98, "T", "SMD", "DD11", "", "R", 31, 130, 0, 0],
		[104, "U2_16", -250, 123.86, "T", "SMD", "DD4", "", "R", 31, 130, 0, 0],
		[105, "U2_17", -200, -123.85, "T", "SMD", "DD12", "", "R", 31, 130, 0, 0],
		[106, "U2_18", -200, 123.99, "T", "SMD", "DD3", "", "R", 31, 130, 0, 0],
		[107, "U2_19", -150, -123.93, "T", "SMD", "DD13", "", "R", 31, 130, 0, 0],
		[108, "U2_20", -150, 123.91, "T", "SMD", "DD2", "", "R", 31, 130, 0, 0],
		[109, "U2_21", -100, -123.89, "T", "SMD", "DD14", "", "R", 31, 130, 0, 0],
		[110, "U2_22", -100, 123.95, "T", "SMD", "DD1", "", "R", 31, 130, 0, 0],
		[111, "U2_23", -50, -123.97, "T", "SMD", "DD15", "", "R", 31, 130, 0, 0],
		[112, "U2_24", -50, 123.87, "T", "SMD", "DD0", "", "R", 31, 130, 0, 0],
		[113, "U2_25", 0, -123.87, "T", "SMD", "U2_25", "", "R", 31, 130, 0, 0],
		[114, "U2_26", 0, 123.97, "T", "SMD", "GND", "GND", "R", 31, 130, 0, 0],
		[115, "U2_27", 50, -123.95, "T", "SMD", "GND", "GND", "R", 31, 130, 0, 0],
		[116, "U2_28", 50, 123.89, "T", "SMD", "U2_28", "", "R", 31, 130, 0, 0],
		[117, "U2_29", 100, -123.91, "T", "SMD", "GND", "GND", "R", 31, 130, 0, 0],
		[118, "U2_30", 100, 123.93, "T", "SMD", "DIOW", "", "R", 31, 130, 0, 0],
		[119, "U2_31", 150, -123.99, "T", "SMD", "GND", "GND", "R", 31, 130, 0, 0],
		[120, "U2_32", 150, 123.85, "T", "SMD", "DIOR", "", "R", 31, 130, 0, 0],
		[121, "U2_33", 200, -123.85, "T", "SMD", "U2_33", "", "R", 31, 130, 0, 0],
		[122, "U2_34", 200, 123.99, "T", "SMD", "IORDY", "", "R", 31, 130, 0, 0],
		[123, "U2_35", 250, -123.93, "T", "SMD", "GND", "GND", "R", 31, 130, 0, 0],
		[124, "U2_36", 250, 123.91, "T", "SMD", "U2_36", "", "R", 31, 130, 0, 0],
		[125, "U2_37", 300, -123.89, "T", "SMD", "IOCS16", "", "R", 31, 130, 0, 0],
		[126, "U2_38", 300, 123.95, "T", "SMD", "INTRQ", "", "R", 31, 130, 0, 0],
		[127, "U2_39", 350, -123.97, "T", "SMD", "U2_39", "", "R", 31, 130, 0, 0],
		[128, "U2_40", 350, 123.87, "T", "SMD", "DA1", "", "R", 31, 130, 0, 0],
		[129, "U2_41", 400, -123.87, "T", "SMD", "DA2", "", "R", 31, 130, 0, 0],
		[130, "U2_42", 400, 123.97, "T", "SMD", "DA0", "", "R", 31, 130, 0, 0],
		[131, "U2_43", 450, -123.95, "T", "SMD", "CS1", "", "R", 31, 130, 0, 0],
		[132, "U2_44", 450, 123.89, "T", "SMD", "CS0", "", "R", 31, 130, 0, 0],
		[133, "U2_45", 500, -123.91, "T", "SMD", "GND", "GND", "R", 31, 130, 0, 0],
		[134, "U2_46", 500, 123.93, "T", "SMD", "ACTIVE", "", "R", 31, 130, 0, 0],
		[135, "U2_47", 550, -123.99, "T", "SMD", "VCC", "", "R", 31, 130, 0, 0],
		[136, "U2_48", 550, 123.85, "T", "SMD", "VCC", "", "R", 31, 130, 0, 0],
		[137, "U2_49", 600, -123.92, "T", "SMD", "U2_49", "", "R", 31, 130, 0, 0],
		[138, "U2_50", 600, 123.92, "T", "SMD", "GND", "GND", "R", 31, 130, 0, 0],
		[139, "U2_51", -789, -164, "T", "SMD", "GND", "GND", "R", 157, 69, 0, 0],
		[140, "U2_51", 789, -164, "T", "SMD", "GND", "GND", "R", 157, 69, 0, 0],
		[141, "U2_52", 789, 173, "T", "SMD", "GND", "GND", "R", 157, 87, 0, 0],
		[142, "U2_52", -789, 173, "T", "SMD", "GND", "GND", "R", 157, 87, 0, 0]
	]
}
}